,Name,Fueltype,Technology,Set,Country,Capacity,Efficiency,Duration,Volume_Mm3,DamHeight_m,StorageCapacity_MWh,DateIn,DateRetrofit,DateMothball,DateOut,lat,lon,EIC,projectID
0,BR-3 1,Nuclear,Steam Turbine,PP,BE,10.0,,,0.0,0.0,0.0,1962.0,1962.0,,1987.0,,,,
1,Doel 1,Nuclear,Steam Turbine,PP,BE,433.0,,,0.0,0.0,0.0,1975.0,1975.0,,2025.0,51.32472222,4.258747222,,
2,Doel 2,Nuclear,Steam Turbine,PP,BE,433.0,,,0.0,0.0,0.0,1975.0,1975.0,,2025.0,51.32472222,4.258747222,,
3,Doel 3,Nuclear,Steam Turbine,PP,BE,1006.0,,,0.0,0.0,0.0,1982.0,1982.0,,2022.0,51.32472222,4.258747222,,
4,Doel 4,Nuclear,Steam Turbine,PP,BE,1038.0,,,0.0,0.0,0.0,1985.0,1985.0,,2025.0,51.32472222,4.258747222,,
5,Tihange 1,Nuclear,Steam Turbine,PP,BE,962.0,,,0.0,0.0,0.0,1975.0,1975.0,,2025.0,50.53462778,5.272533333,,
6,Tihange 2,Nuclear,Steam Turbine,PP,BE,1038.0,,,0.0,0.0,0.0,1983.0,1983.0,,2023.0,50.53462778,5.272533333,,
7,Tihange 3,Nuclear,Steam Turbine,PP,BE,1038.0,,,0.0,0.0,0.0,1985.0,1985.0,,2025.0,50.53462778,5.272533333,,
8,Kosloduj 1,Nuclear,Steam Turbine,PP,BG,408.0,,,0.0,0.0,0.0,1974.0,1974.0,,2002.0,43.74613889,23.77050556,,
9,Kosloduj 2,Nuclear,Steam Turbine,PP,BG,408.0,,,0.0,0.0,0.0,1975.0,1975.0,,2002.0,43.74613889,23.77050556,,
10,Kosloduj 3,Nuclear,Steam Turbine,PP,BG,408.0,,,0.0,0.0,0.0,1981.0,1981.0,,2006.0,43.74613889,23.77050556,,
11,Kosloduj 4,Nuclear,Steam Turbine,PP,BG,408.0,,,0.0,0.0,0.0,1982.0,1982.0,,2006.0,43.74613889,23.77050556,,
12,Kosloduj 5,Nuclear,Steam Turbine,PP,BG,963.0,,,0.0,0.0,0.0,1988.0,1988.0,,2051.0,43.74613889,23.77050556,,
13,Kosloduj 6,Nuclear,Steam Turbine,PP,BG,1003.0,,,0.0,0.0,0.0,1993.0,1993.0,,2051.0,43.74613889,23.77050556,,
14,Biblis  A,Nuclear,Steam Turbine,PP,DE,1167.0,,,0.0,0.0,0.0,1974.0,1974.0,,2011.0,49.71,8.415277778,,
15,Biblis  B,Nuclear,Steam Turbine,PP,DE,1.24,,,0.0,0.0,0.0,1976.0,1976.0,,2011.0,49.71,8.415277778,,
16,Brokdorf  –,Nuclear,Steam Turbine,PP,DE,1.41,,,0.0,0.0,0.0,1986.0,1986.0,,2021.0,53.85083333,9.344722222,,
17,Brunsbüttel  –,Nuclear,Steam Turbine,PP,DE,771.0,,,0.0,0.0,0.0,1976.0,1976.0,,2011.0,53.89166667,9.201666667,,
18,Emsland  –,Nuclear,Steam Turbine,PP,DE,1335.0,,,0.0,0.0,0.0,1988.0,1988.0,,2022.0,52.47423056,7.317858333,,
19,Grafenrheinfeld  –,Nuclear,Steam Turbine,PP,DE,1275.0,,,0.0,0.0,0.0,1981.0,1981.0,,2015.0,49.98408611,10.18466944,,
20,Greifswald  1,Nuclear,Steam Turbine,PP,DE,408.0,,,0.0,0.0,0.0,1973.0,1973.0,,1990.0,54.14058611,13.66442222,,
21,Greifswald  2,Nuclear,Steam Turbine,PP,DE,408.0,,,0.0,0.0,0.0,1974.0,1974.0,,1990.0,54.14058611,13.66442222,,
22,Greifswald  3,Nuclear,Steam Turbine,PP,DE,408.0,,,0.0,0.0,0.0,1977.0,1977.0,,1990.0,54.14058611,13.66442222,,
23,Greifswald  4,Nuclear,Steam Turbine,PP,DE,408.0,,,0.0,0.0,0.0,1979.0,1979.0,,1990.0,54.14058611,13.66442222,,
24,Greifswald  5,Nuclear,Steam Turbine,PP,DE,408.0,,,0.0,0.0,0.0,1989.0,1989.0,,1989.0,54.14058611,13.66442222,,
25,Grohnde  –,Nuclear,Steam Turbine,PP,DE,1.36,,,0.0,0.0,0.0,1984.0,1984.0,,2021.0,52.03527778,9.413333333,,
26,Großwelzheim  –,Nuclear,Steam Turbine,PP,DE,23.0,,,0.0,0.0,0.0,1969.0,1969.0,,1971.0,50.05814167,8.987130556,,
27,Gundremmingen  A,Nuclear,Steam Turbine,PP,DE,237.0,,,0.0,0.0,0.0,1966.0,1966.0,,1977.0,48.51472222,10.40222222,,
28,Gundremmingen  B,Nuclear,Steam Turbine,PP,DE,1284.0,,,0.0,0.0,0.0,1984.0,1984.0,,2017.0,48.51472222,10.40222222,,
29,Gundremmingen  C,Nuclear,Steam Turbine,PP,DE,1288.0,,,0.0,0.0,0.0,1984.0,1984.0,,2021.0,48.51472222,10.40222222,,
30,Hamm-Uentrop  –,Nuclear,Steam Turbine,PP,DE,296.0,,,0.0,0.0,0.0,1985.0,1985.0,,1988.0,51.67929722,7.971558333,,
31,Isar  2,Nuclear,Steam Turbine,PP,DE,1410.0,,,0.0,0.0,0.0,1988.0,1988.0,,2022.0,48.60560556,12.29315,,
32,Jülich  –,Nuclear,Steam Turbine,PP,DE,13.0,,,0.0,0.0,0.0,1967.0,1967.0,,1988.0,50.90293611,6.421208333,,
33,Kahl  –,Nuclear,Steam Turbine,PP,DE,15.0,,,0.0,0.0,0.0,1961.0,1961.0,,1985.0,50.05911944,8.987272222,,
34,Karlsruhe  –,Nuclear,Steam Turbine,PP,DE,17.0,,,0.0,0.0,0.0,1978.0,1978.0,,1991.0,49.099344,8.4328866,,
35,Krümmel  –,Nuclear,Steam Turbine,PP,DE,1346.0,,,0.0,0.0,0.0,1983.0,1983.0,,2011.0,53.41,10.40888889,,
36,Lingen  –,Nuclear,Steam Turbine,PP,DE,183.0,,,0.0,0.0,0.0,1968.0,1968.0,,1979.0,52.48277778,7.300555556,,
37,Mülheim-Kärlich  –,Nuclear,Steam Turbine,PP,DE,1219.0,,,0.0,0.0,0.0,1986.0,1986.0,,1988.0,50.40777778,7.489722222,,
38,Neckarwestheim  2,Nuclear,Steam Turbine,PP,DE,1310.0,,,0.0,0.0,0.0,1989.0,1989.0,,2022.0,49.04111111,9175.0,,
39,Niederaichbach  –,Nuclear,Steam Turbine,PP,DE,100.0,,,0.0,0.0,0.0,1973.0,1973.0,,1974.0,48.60462778,12.30398611,,
40,Obrigheim  –,Nuclear,Steam Turbine,PP,DE,340.0,,,0.0,0.0,0.0,1968.0,1968.0,,2005.0,49.36453611,9.076272222,,
41,Philippsburg  1,Nuclear,Steam Turbine,PP,DE,890.0,,,0.0,0.0,0.0,1979.0,1979.0,,2011.0,49.25272222,8.436436111,,
42,Philippsburg  2,Nuclear,Steam Turbine,PP,DE,1392.0,,,0.0,0.0,0.0,1984.0,1984.0,,2019.0,49.25272222,8.436436111,,
43,Rheinsberg  –,Nuclear,Steam Turbine,PP,DE,62.0,,,0.0,0.0,0.0,1966.0,1966.0,,1990.0,53.14699167,12.99015,,
44,Stade  –,Nuclear,Steam Turbine,PP,DE,640.0,,,0.0,0.0,0.0,1972.0,1972.0,,2003.0,53.62,9.530833333,,
45,Unterweser  –,Nuclear,Steam Turbine,PP,DE,1345.0,,,0.0,0.0,0.0,1978.0,1978.0,,2011.0,53.4277,8.480197222,,
46,Würgassen  –,Nuclear,Steam Turbine,PP,DE,640.0,,,0.0,0.0,0.0,1971.0,1971.0,,1994.0,51.63916667,9.391388889,,
47,Loviisa 1,Nuclear,Steam Turbine,PP,FI,507.0,,,0.0,0.0,0.0,1977.0,1977.0,,2027.0,60.37222222,26.34722222,,
48,Loviisa 2,Nuclear,Steam Turbine,PP,FI,507.0,,,0.0,0.0,0.0,1981.0,1981.0,,2030.0,60.37222222,26.34722222,,
49,Olkiluoto 1,Nuclear,Steam Turbine,PP,FI,880.0,,,0.0,0.0,0.0,1979.0,1979.0,,2039.0,61.23666667,21.44222222,,
50,Olkiluoto 2,Nuclear,Steam Turbine,PP,FI,890.0,,,0.0,0.0,0.0,1982.0,1982.0,,2042.0,61.23666667,21.44222222,,
51,Olkiluoto 3,Nuclear,Steam Turbine,PP,FI,1600.0,,,0.0,0.0,0.0,2022.0,,,2051.0,61.23666667,21.44222222,,
52,Belleville 1,Nuclear,Steam Turbine,PP,FR,1310.0,,,0.0,0.0,0.0,1987.0,1987.0,,2047.0,47.51027778,2875.0,,
53,Belleville 2,Nuclear,Steam Turbine,PP,FR,1310.0,,,0.0,0.0,0.0,1988.0,1988.0,,2048.0,47.51027778,2875.0,,
54,Blayais 1,Nuclear,Steam Turbine,PP,FR,910.0,,,0.0,0.0,0.0,1981.0,1981.0,,2041.0,47.51027778,2875.0,,
55,Blayais 2,Nuclear,Steam Turbine,PP,FR,910.0,,,0.0,0.0,0.0,1982.0,1982.0,,2042.0,47.51027778,2875.0,,
56,Blayais 3,Nuclear,Steam Turbine,PP,FR,910.0,,,0.0,0.0,0.0,1983.0,1983.0,,2043.0,47.51027778,2875.0,,
57,Blayais 4,Nuclear,Steam Turbine,PP,FR,910.0,,,0.0,0.0,0.0,1983.0,1983.0,,2043.0,47.51027778,2875.0,,
58,Brennilis  –,Nuclear,Steam Turbine,PP,FR,70.0,,,0.0,0.0,0.0,1967.0,1967.0,,1985.0,47.51027778,2875.0,,
59,Bugey 1,Nuclear,Steam Turbine,PP,FR,540.0,,,0.0,0.0,0.0,1972.0,1972.0,,1994.0,45.79722222,5.27,,
60,Bugey 2,Nuclear,Steam Turbine,PP,FR,910.0,,,0.0,0.0,0.0,1978.0,1978.0,,2038.0,45.79722222,5.27,,
61,Bugey 3,Nuclear,Steam Turbine,PP,FR,910.0,,,0.0,0.0,0.0,1978.0,1978.0,,2038.0,45.79722222,5.27,,
62,Bugey 4,Nuclear,Steam Turbine,PP,FR,880.0,,,0.0,0.0,0.0,1979.0,1979.0,,2039.0,45.79722222,5.27,,
63,Bugey 5,Nuclear,Steam Turbine,PP,FR,880.0,,,0.0,0.0,0.0,1979.0,1979.0,,2039.0,45.79722222,5.27,,
64,Cattenom 1,Nuclear,Steam Turbine,PP,FR,1300.0,,,0.0,0.0,0.0,1986.0,1986.0,,2046.0,49.41555556,6.216666667,,
65,Cattenom 2,Nuclear,Steam Turbine,PP,FR,1300.0,,,0.0,0.0,0.0,1987.0,1987.0,,2047.0,49.41555556,6.216666667,,
66,Cattenom 3,Nuclear,Steam Turbine,PP,FR,1300.0,,,0.0,0.0,0.0,1990.0,1990.0,,2050.0,49.41555556,6.216666667,,
67,Cattenom 4,Nuclear,Steam Turbine,PP,FR,1300.0,,,0.0,0.0,0.0,1991.0,1991.0,,2051.0,49.41555556,6.216666667,,
68,Chinon A1,Nuclear,Steam Turbine,PP,FR,70.0,,,0.0,0.0,0.0,1963.0,1963.0,,1973.0,47.23055556,0.170555556,,
69,Chinon A2,Nuclear,Steam Turbine,PP,FR,180.0,,,0.0,0.0,0.0,1965.0,1965.0,,1985.0,47.23055556,0.170555556,,
70,Chinon A3,Nuclear,Steam Turbine,PP,FR,360.0,,,0.0,0.0,0.0,1966.0,1966.0,,1990.0,47.23055556,0.170555556,,
71,Chinon B1,Nuclear,Steam Turbine,PP,FR,905.0,,,0.0,0.0,0.0,1982.0,1982.0,,2042.0,47.23055556,0.170555556,,
72,Chinon B2,Nuclear,Steam Turbine,PP,FR,905.0,,,0.0,0.0,0.0,1983.0,1983.0,,2043.0,47.23055556,0.170555556,,
73,Chinon B3,Nuclear,Steam Turbine,PP,FR,905.0,,,0.0,0.0,0.0,1986.0,1986.0,,2046.0,47.23055556,0.170555556,,
74,Chinon B4,Nuclear,Steam Turbine,PP,FR,905.0,,,0.0,0.0,0.0,1987.0,1987.0,,2047.0,47.23055556,0.170555556,,
75,Chooz  A,Nuclear,Steam Turbine,PP,FR,305.0,,,0.0,0.0,0.0,1967.0,1967.0,,1991.0,50.09,4.789444444,,
76,Chooz  B1,Nuclear,Steam Turbine,PP,FR,1.5,,,0.0,0.0,0.0,1996.0,1996.0,,2056.0,50.09,4.789444444,,
77,Chooz  B2,Nuclear,Steam Turbine,PP,FR,1.5,,,0.0,0.0,0.0,1997.0,1997.0,,2057.0,50.09,4.789444444,,
78,Civaux 1,Nuclear,Steam Turbine,PP,FR,1495.0,,,0.0,0.0,0.0,1997.0,1997.0,,2057.0,46.45611111,0.654166667,,
79,Civaux 2,Nuclear,Steam Turbine,PP,FR,1495.0,,,0.0,0.0,0.0,1999.0,1999.0,,2059.0,46.45611111,0.654166667,,
80,Cruas 1,Nuclear,Steam Turbine,PP,FR,915.0,,,0.0,0.0,0.0,1983.0,1983.0,,2043.0,44.63388889,4.753888889,,
81,Cruas 2,Nuclear,Steam Turbine,PP,FR,915.0,,,0.0,0.0,0.0,1984.0,1984.0,,2044.0,44.63388889,4.753888889,,
82,Cruas 3,Nuclear,Steam Turbine,PP,FR,915.0,,,0.0,0.0,0.0,1984.0,1984.0,,2044.0,44.63388889,4.753888889,,
83,Cruas 4,Nuclear,Steam Turbine,PP,FR,915.0,,,0.0,0.0,0.0,1984.0,1984.0,,2044.0,44.63388889,4.753888889,,
84,Dampierre 1,Nuclear,Steam Turbine,PP,FR,890.0,,,0.0,0.0,0.0,1980.0,1980.0,,2040.0,47.73361111,2.5175,,
85,Dampierre 2,Nuclear,Steam Turbine,PP,FR,890.0,,,0.0,0.0,0.0,1980.0,1980.0,,2040.0,47.73361111,2.5175,,
86,Dampierre 3,Nuclear,Steam Turbine,PP,FR,890.0,,,0.0,0.0,0.0,1981.0,1981.0,,2041.0,47.73361111,2.5175,,
87,Dampierre 4,Nuclear,Steam Turbine,PP,FR,890.0,,,0.0,0.0,0.0,1981.0,1981.0,,2041.0,47.73361111,2.5175,,
88,Fessenheim 1,Nuclear,Steam Turbine,PP,FR,880.0,,,0.0,0.0,0.0,1977.0,1977.0,,2020.0,47.90361111,7.5625,,
89,Fessenheim 2,Nuclear,Steam Turbine,PP,FR,880.0,,,0.0,0.0,0.0,1977.0,1977.0,,2020.0,47.90361111,7.5625,,
90,Flamanville 1,Nuclear,Steam Turbine,PP,FR,1330.0,,,0.0,0.0,0.0,1985.0,1985.0,,2045.0,47.90361111,7.5625,,
91,Flamanville 2,Nuclear,Steam Turbine,PP,FR,1330.0,,,0.0,0.0,0.0,1986.0,1986.0,,2046.0,47.90361111,7.5625,,
92,Flamanville 3,Nuclear,Steam Turbine,PP,FR,1.6,,,0.0,0.0,0.0,2024.0,,,2084.0,47.90361111,7.5625,,
93,Golfech 1,Nuclear,Steam Turbine,PP,FR,1310.0,,,0.0,0.0,0.0,1990.0,1990.0,,2050.0,44.11111111,0.840277778,,
94,Golfech 2,Nuclear,Steam Turbine,PP,FR,1310.0,,,0.0,0.0,0.0,1993.0,1993.0,,2053.0,44.11111111,0.840277778,,
95,Gravelines 1,Nuclear,Steam Turbine,PP,FR,910.0,,,0.0,0.0,0.0,1980.0,1980.0,,2040.0,51.01361111,2.136111111,,
96,Gravelines 2,Nuclear,Steam Turbine,PP,FR,910.0,,,0.0,0.0,0.0,1980.0,1980.0,,2040.0,51.01361111,2.136111111,,
97,Gravelines 3,Nuclear,Steam Turbine,PP,FR,910.0,,,0.0,0.0,0.0,1980.0,1980.0,,2040.0,51.01361111,2.136111111,,
98,Gravelines 4,Nuclear,Steam Turbine,PP,FR,910.0,,,0.0,0.0,0.0,1981.0,1981.0,,2041.0,51.01361111,2.136111111,,
99,Gravelines 5,Nuclear,Steam Turbine,PP,FR,910.0,,,0.0,0.0,0.0,1984.0,1984.0,,2044.0,51.01361111,2.136111111,,
100,Gravelines 6,Nuclear,Steam Turbine,PP,FR,910.0,,,0.0,0.0,0.0,1985.0,1985.0,,2045.0,51.01361111,2.136111111,,
101,Marcoule G-2,Nuclear,Steam Turbine,PP,FR,38.0,,,0.0,0.0,0.0,1959.0,1959.0,,1980.0,44.15,4.716666667,,
102,Marcoule G-3,Nuclear,Steam Turbine,PP,FR,0.0,,,0.0,0.0,0.0,1960.0,1960.0,,1984.0,44.15,4.716666667,,
103,Nogent 1,Nuclear,Steam Turbine,PP,FR,1310.0,,,0.0,0.0,0.0,1987.0,1987.0,,2047.0,48.51611111,3.517777778,,
104,Nogent 2,Nuclear,Steam Turbine,PP,FR,1310.0,,,0.0,0.0,0.0,1988.0,1988.0,,2048.0,48.51611111,3.517777778,,
105,Paluel 1,Nuclear,Steam Turbine,PP,FR,1330.0,,,0.0,0.0,0.0,1984.0,1984.0,,2044.0,49.85805556,0.635555556,,
106,Paluel 2,Nuclear,Steam Turbine,PP,FR,1330.0,,,0.0,0.0,0.0,1984.0,1984.0,,2044.0,49.85805556,0.635555556,,
107,Paluel 3,Nuclear,Steam Turbine,PP,FR,1330.0,,,0.0,0.0,0.0,1985.0,1985.0,,2045.0,49.85805556,0.635555556,,
108,Paluel 4,Nuclear,Steam Turbine,PP,FR,1330.0,,,0.0,0.0,0.0,1986.0,1986.0,,2046.0,49.85805556,0.635555556,,
109,Penly 1,Nuclear,Steam Turbine,PP,FR,1330.0,,,0.0,0.0,0.0,1990.0,1990.0,,2050.0,49.97666667,1.211944444,,
110,Penly 2,Nuclear,Steam Turbine,PP,FR,1330.0,,,0.0,0.0,0.0,1992.0,1992.0,,2052.0,49.97666667,1.211944444,,
111,Phénix  –,Nuclear,Steam Turbine,PP,FR,130.0,,,0.0,0.0,0.0,1973.0,1973.0,,2009.0,44.14333333,4.711666667,,
112,Saint-Alban 1,Nuclear,Steam Turbine,PP,FR,1335.0,,,0.0,0.0,0.0,1985.0,1985.0,,2045.0,45.40472222,4.755833333,,
113,Saint-Alban 2,Nuclear,Steam Turbine,PP,FR,1335.0,,,0.0,0.0,0.0,1986.0,1986.0,,2046.0,45.40472222,4.755833333,,
114,Saint-Laurent A1,Nuclear,Steam Turbine,PP,FR,480.0,,,0.0,0.0,0.0,1969.0,1969.0,,1990.0,47.72055556,1.578611111,,
115,Saint-Laurent A2,Nuclear,Steam Turbine,PP,FR,515.0,,,0.0,0.0,0.0,1971.0,1971.0,,1992.0,47.72055556,1.578611111,,
116,Saint-Laurent B1,Nuclear,Steam Turbine,PP,FR,915.0,,,0.0,0.0,0.0,1981.0,1981.0,,2041.0,47.72055556,1.578611111,,
117,Saint-Laurent B2,Nuclear,Steam Turbine,PP,FR,915.0,,,0.0,0.0,0.0,1981.0,1981.0,,2041.0,47.72055556,1.578611111,,
118,Creys-Malville –,Nuclear,Steam Turbine,PP,FR,1.2,,,0.0,0.0,0.0,1986.0,1986.0,,1998.0,45.75833333,5.472222222,,
119,Tricastin 1,Nuclear,Steam Turbine,PP,FR,915.0,,,0.0,0.0,0.0,1980.0,1980.0,,2040.0,44.32972222,4.732222222,,
120,Tricastin 2,Nuclear,Steam Turbine,PP,FR,915.0,,,0.0,0.0,0.0,1980.0,1980.0,,2040.0,44.32972222,4.732222222,,
121,Tricastin 3,Nuclear,Steam Turbine,PP,FR,915.0,,,0.0,0.0,0.0,1981.0,1981.0,,2041.0,44.32972222,4.732222222,,
122,Tricastin 4,Nuclear,Steam Turbine,PP,FR,915.0,,,0.0,0.0,0.0,1981.0,1981.0,,2041.0,44.32972222,4.732222222,,
123,Caorso 1,Nuclear,Steam Turbine,PP,IE,860.0,,,0.0,0.0,0.0,1981.0,1981.0,,1986.0,45.07222222,9.872222222,,
124,Enrico Fermi 1,Nuclear,Steam Turbine,PP,IE,260.0,,,0.0,0.0,0.0,1965.0,1965.0,,1987.0,45.18409374,8.277554512,,
125,Garigliano 1,Nuclear,Steam Turbine,PP,IE,150.0,,,0.0,0.0,0.0,1964.0,1964.0,,1982.0,41.25833333,13.83472222,,
126,Latina 1,Nuclear,Steam Turbine,PP,IE,153.0,,,0.0,0.0,0.0,1964.0,1964.0,,1986.0,41.425384,12.807001,,
127,Ignalina 1,Nuclear,Steam Turbine,PP,LT,1185.0,,,0.0,0.0,0.0,1985.0,1985.0,,2004.0,55.60434185,26.56266689,,
128,Ignalina 2,Nuclear,Steam Turbine,PP,LT,1185.0,,,0.0,0.0,0.0,1987.0,1987.0,,2009.0,55.60434185,26.56266689,,
129,Borssele 1,Nuclear,Steam Turbine,PP,NL,482.0,,,0.0,0.0,0.0,1973.0,1973.0,,2034.0,51.43083333,3.718333333,,
130,Dodewaard 1,Nuclear,Steam Turbine,PP,NL,55.0,,,0.0,0.0,0.0,1969.0,1969.0,,1997.0,51.89956944,5.686327778,,
131,Cernavodă 1,Nuclear,Steam Turbine,PP,RO,650.0,,,0.0,0.0,0.0,1996.0,1996.0,,2051.0,44.32234722,28.05728056,,
132,Cernavodă 2,Nuclear,Steam Turbine,PP,RO,650.0,,,0.0,0.0,0.0,2007.0,2007.0,,2051.0,44.32234722,28.05728056,,
133,Ågesta 1,Nuclear,Steam Turbine,PP,SE,10.0,,,0.0,0.0,0.0,1964.0,1964.0,,1974.0,59.20611111,18.0825,,
134,Barsebäck 1,Nuclear,Steam Turbine,PP,SE,600.0,,,0.0,0.0,0.0,1975.0,1975.0,,1999.0,55.74444444,12.92083333,,
135,Barsebäck 2,Nuclear,Steam Turbine,PP,SE,600.0,,,0.0,0.0,0.0,1977.0,1977.0,,2005.0,55.74444444,12.92083333,,
136,Forsmark 1,Nuclear,Steam Turbine,PP,SE,986.0,,,0.0,0.0,0.0,1980.0,1980.0,,2051.0,60.40333333,18.16666667,,
137,Forsmark 2,Nuclear,Steam Turbine,PP,SE,1116.0,,,0.0,0.0,0.0,1981.0,1981.0,,2051.0,60.40333333,18.16666667,,
138,Forsmark 3,Nuclear,Steam Turbine,PP,SE,1159.0,,,0.0,0.0,0.0,1985.0,1985.0,,2051.0,60.40333333,18.16666667,,
139,Oskarshamn 1,Nuclear,Steam Turbine,PP,SE,473.0,,,0.0,0.0,0.0,1972.0,1972.0,,2017.0,57.41555556,16.67111111,,
140,Oskarshamn 2,Nuclear,Steam Turbine,PP,SE,638.0,,,0.0,0.0,0.0,1975.0,1975.0,,2016.0,57.41555556,16.67111111,,
141,Oskarshamn 3,Nuclear,Steam Turbine,PP,SE,1400.0,,,0.0,0.0,0.0,1985.0,1985.0,,2051.0,57.41555556,16.67111111,,
142,Ringhals 1,Nuclear,Steam Turbine,PP,SE,881.0,,,0.0,0.0,0.0,1976.0,1976.0,,2020.0,57.26111111,12.10833333,,
143,Ringhals 2,Nuclear,Steam Turbine,PP,SE,907.0,,,0.0,0.0,0.0,1975.0,1975.0,,2019.0,57.26111111,12.10833333,,
144,Ringhals 3,Nuclear,Steam Turbine,PP,SE,1062.0,,,0.0,0.0,0.0,1981.0,1981.0,,2051.0,57.26111111,12.10833333,,
145,Ringhals 4,Nuclear,Steam Turbine,PP,SE,1102.0,,,0.0,0.0,0.0,1983.0,1983.0,,2051.0,57.26111111,12.10833333,,
146,Beznau 1,Nuclear,Steam Turbine,PP,CH,365.0,,,0.0,0.0,0.0,1969.0,1969.0,,2051.0,47.55222222,8.227777778,,
147,Beznau 2,Nuclear,Steam Turbine,PP,CH,365.0,,,0.0,0.0,0.0,1972.0,1972.0,,2051.0,47.55222222,8.227777778,,
148,Gösgen 1,Nuclear,Steam Turbine,PP,CH,1010.0,,,0.0,0.0,0.0,1979.0,1979.0,,2051.0,47.36583333,7.968888889,,
149,Leibstadt 1,Nuclear,Steam Turbine,PP,CH,1220.0,,,0.0,0.0,0.0,1984.0,1984.0,,2051.0,47.60135,8.18375,,
150,Mühleberg 1,Nuclear,Steam Turbine,PP,CH,373.0,,,0.0,0.0,0.0,1972.0,1972.0,,2019.0,46.97083333,7.270277778,,
151,Bohunice A1,Nuclear,Steam Turbine,PP,SK,93.0,,,0.0,0.0,0.0,1972.0,1972.0,,1977.0,48.49444444,17.68055556,,
152,Bohunice 1,Nuclear,Steam Turbine,PP,SK,408.0,,,0.0,0.0,0.0,1980.0,1980.0,,2006.0,48.49444444,17.68055556,,
153,Bohunice 2,Nuclear,Steam Turbine,PP,SK,408.0,,,0.0,0.0,0.0,1981.0,1981.0,,2008.0,48.49444444,17.68055556,,
154,Bohunice 3,Nuclear,Steam Turbine,PP,SK,471.0,,,0.0,0.0,0.0,1985.0,1985.0,,2051.0,48.49444444,17.68055556,,
155,Bohunice 4,Nuclear,Steam Turbine,PP,SK,471.0,,,0.0,0.0,0.0,1985.0,1985.0,,2051.0,48.49444444,17.68055556,,
156,Mochovce 1,Nuclear,Steam Turbine,PP,SK,436.0,,,0.0,0.0,0.0,1998.0,1998.0,,2051.0,48.26388889,18.45694444,,
157,Mochovce 2,Nuclear,Steam Turbine,PP,SK,436.0,,,0.0,0.0,0.0,2000.0,2000.0,,2051.0,48.26388889,18.45694444,,
158,Mochovce 3,Nuclear,Steam Turbine,PP,SK,440.0,,,0.0,0.0,0.0,2023.0,2023.0,,2051.0,48.26388889,18.45694444,,
159,Mochovce 4,Nuclear,Steam Turbine,PP,SK,440.0,,,0.0,0.0,0.0,2024.0,2024.0,,2064.0,48.26388889,18.45694444,,
160,Krško –,Nuclear,Steam Turbine,PP,SI,688.0,,,0.0,0.0,0.0,1983.0,1983.0,,2051.0,45.93841389,15.51546944,,
161,Almaraz 1,Nuclear,Steam Turbine,PP,ES,1011.0,,,0.0,0.0,0.0,1983.0,1983.0,,2027.0,39.8084,-5.6695,,
162,Almaraz 2,Nuclear,Steam Turbine,PP,ES,1006.0,,,0.0,0.0,0.0,1984.0,1984.0,,2028.0,39.8084,-5.6695,,
163,Ascó 1,Nuclear,Steam Turbine,PP,ES,995.0,,,0.0,0.0,0.0,1984.0,1984.0,,2029.0,41.2,0.569444444,,
164,Ascó 2,Nuclear,Steam Turbine,PP,ES,997.0,,,0.0,0.0,0.0,1986.0,1986.0,,2030.0,41.2,0.569444444,,
165,Cofrentes 1,Nuclear,Steam Turbine,PP,ES,1064.0,,,0.0,0.0,0.0,1985.0,1985.0,,2033.0,41.2,0.569444444,,
166,José Cabrera 1,Nuclear,Steam Turbine,PP,ES,141.0,,,0.0,0.0,0.0,1969.0,1969.0,,2006.0,41.2,0.569444444,,
167,Santa María de Garoña 1,Nuclear,Steam Turbine,PP,ES,446.0,,,0.0,0.0,0.0,1971.0,1971.0,,2013.0,41.2,0.569444444,,
168,Trillo 1,Nuclear,Steam Turbine,PP,ES,1003.0,,,0.0,0.0,0.0,1988.0,1988.0,,2035.0,41.2,0.569444444,,
169,Vandellòs 1,Nuclear,Steam Turbine,PP,ES,480.0,,,0.0,0.0,0.0,1972.0,1972.0,,1990.0,40.95138889,0.866666667,,
170,Vandellòs 2,Nuclear,Steam Turbine,PP,ES,1045.0,,,0.0,0.0,0.0,1988.0,1988.0,,2034.0,40.95138889,0.866666667,,
171,Dukovany 1,Nuclear,Steam Turbine,PP,CZ,468.0,,,0.0,0.0,0.0,1985.0,1985.0,,2051.0,49.08509444,16.14899167,,
172,Dukovany 2,Nuclear,Steam Turbine,PP,CZ,471.0,,,0.0,0.0,0.0,1986.0,1986.0,,2051.0,49.08509444,16.14899167,,
173,Dukovany 3,Nuclear,Steam Turbine,PP,CZ,468.0,,,0.0,0.0,0.0,1986.0,1986.0,,2051.0,49.08509444,16.14899167,,
174,Dukovany 4,Nuclear,Steam Turbine,PP,CZ,471.0,,,0.0,0.0,0.0,1987.0,1987.0,,2051.0,49.08509444,16.14899167,,
175,Temelín 1,Nuclear,Steam Turbine,PP,CZ,1026.0,,,0.0,0.0,0.0,2002.0,2002.0,,2051.0,49.18194444,14.38138889,,
176,Temelín 2,Nuclear,Steam Turbine,PP,CZ,1026.0,,,0.0,0.0,0.0,2003.0,2003.0,,2051.0,49.18194444,14.38138889,,
177,Temelín 3 und 4,Nuclear,Steam Turbine,PP,CZ,2400.0,,,0.0,0.0,0.0,2050.0,2050.0,,2090.0,49.18194444,14.38138889,,
178,Paks 1,Nuclear,Steam Turbine,PP,HU,479.0,,,0.0,0.0,0.0,1983.0,1983.0,,2051.0,46.5725,18.85416667,,
179,Paks 2,Nuclear,Steam Turbine,PP,HU,477.0,,,0.0,0.0,0.0,1984.0,1984.0,,2051.0,46.5725,18.85416667,,
180,Paks 3,Nuclear,Steam Turbine,PP,HU,473.0,,,0.0,0.0,0.0,1986.0,1986.0,,2051.0,46.5725,18.85416667,,
181,Paks 4,Nuclear,Steam Turbine,PP,HU,473.0,,,0.0,0.0,0.0,1987.0,1987.0,,2051.0,46.5725,18.85416667,,
182,Berkeley 1,Nuclear,Steam Turbine,PP,GB,138.0,,,0.0,0.0,0.0,1962.0,1962.0,,1989.0,,,,
183,Berkeley 2,Nuclear,Steam Turbine,PP,GB,138.0,,,0.0,0.0,0.0,1962.0,1962.0,,1988.0,,,,
184,Bradwell 1,Nuclear,Steam Turbine,PP,GB,123.0,,,0.0,0.0,0.0,1962.0,1962.0,,2002.0,51.74194444,0.8975,,
185,Bradwell 2,Nuclear,Steam Turbine,PP,GB,123.0,,,0.0,0.0,0.0,1962.0,1962.0,,2002.0,51.74194444,0.8975,,
186,Calder Hall 1,Nuclear,Steam Turbine,PP,GB,50.0,,,0.0,0.0,0.0,1956.0,1956.0,,2003.0,51.74194444,0.8975,,
187,Calder Hall 2,Nuclear,Steam Turbine,PP,GB,50.0,,,0.0,0.0,0.0,1957.0,1957.0,,2003.0,51.74194444,0.8975,,
188,Calder Hall 3,Nuclear,Steam Turbine,PP,GB,50.0,,,0.0,0.0,0.0,1958.0,1958.0,,2003.0,51.74194444,0.8975,,
189,Calder Hall 4,Nuclear,Steam Turbine,PP,GB,50.0,,,0.0,0.0,0.0,1959.0,1959.0,,2003.0,51.74194444,0.8975,,
190,Chapelcross 1,Nuclear,Steam Turbine,PP,GB,50.0,,,0.0,0.0,0.0,1959.0,1959.0,,2004.0,51.74194444,0.8975,,
191,Chapelcross 2,Nuclear,Steam Turbine,PP,GB,50.0,,,0.0,0.0,0.0,1959.0,1959.0,,2004.0,51.74194444,0.8975,,
192,Chapelcross 3,Nuclear,Steam Turbine,PP,GB,50.0,,,0.0,0.0,0.0,1959.0,1959.0,,2004.0,51.74194444,0.8975,,
193,Chapelcross 4,Nuclear,Steam Turbine,PP,GB,50.0,,,0.0,0.0,0.0,1960.0,1960.0,,2004.0,51.74194444,0.8975,,
194,Dounreay  DFR,Nuclear,Steam Turbine,PP,GB,14.0,,,0.0,0.0,0.0,1962.0,1962.0,,1977.0,51.74194444,0.8975,,
195,Dounreay  PFR,Nuclear,Steam Turbine,PP,GB,234.0,,,0.0,0.0,0.0,1975.0,1975.0,,1994.0,51.74194444,0.8975,,
196,Dungeness A1,Nuclear,Steam Turbine,PP,GB,225.0,,,0.0,0.0,0.0,1965.0,1965.0,,2006.0,50.91388889,0.963888889,,
197,Dungeness A2,Nuclear,Steam Turbine,PP,GB,225.0,,,0.0,0.0,0.0,1965.0,1965.0,,2006.0,50.91388889,0.963888889,,
198,Dungeness B1,Nuclear,Steam Turbine,PP,GB,545.0,,,0.0,0.0,0.0,1985.0,1985.0,,2021.0,50.91388889,0.963888889,,
199,Dungeness B2,Nuclear,Steam Turbine,PP,GB,545.0,,,0.0,0.0,0.0,1983.0,1983.0,,2021.0,50.91388889,0.963888889,,
200,Hartlepool A1,Nuclear,Steam Turbine,PP,GB,595.0,,,0.0,0.0,0.0,1983.0,1983.0,,2024.0,50.91388889,0.963888889,,
201,Hartlepool A2,Nuclear,Steam Turbine,PP,GB,595.0,,,0.0,0.0,0.0,1984.0,1984.0,,2024.0,50.91388889,0.963888889,,
202,Heysham A1,Nuclear,Steam Turbine,PP,GB,585.0,,,0.0,0.0,0.0,1983.0,1983.0,,2024.0,50.91388889,0.963888889,,
203,Heysham A2,Nuclear,Steam Turbine,PP,GB,575.0,,,0.0,0.0,0.0,1984.0,1984.0,,2024.0,50.91388889,0.963888889,,
204,Heysham B1,Nuclear,Steam Turbine,PP,GB,615.0,,,0.0,0.0,0.0,1988.0,1988.0,,2030.0,50.91388889,0.963888889,,
205,Heysham B2,Nuclear,Steam Turbine,PP,GB,615.0,,,0.0,0.0,0.0,1988.0,1988.0,,2030.0,50.91388889,0.963888889,,
206,Hinkley Point A1,Nuclear,Steam Turbine,PP,GB,235.0,,,0.0,0.0,0.0,1965.0,1965.0,,2000.0,50.91388889,0.963888889,,
207,Hinkley Point A2,Nuclear,Steam Turbine,PP,GB,235.0,,,0.0,0.0,0.0,1965.0,1965.0,,2000.0,50.91388889,0.963888889,,
208,Hinkley Point B1,Nuclear,Steam Turbine,PP,GB,430.0,,,0.0,0.0,0.0,1976.0,1976.0,,2022.0,50.91388889,0.963888889,,
209,Hinkley Point B2,Nuclear,Steam Turbine,PP,GB,430.0,,,0.0,0.0,0.0,1976.0,1976.0,,2022.0,50.91388889,0.963888889,,
210,Hinkley Point C1,Nuclear,Steam Turbine,PP,GB,1630.0,,,0.0,0.0,0.0,2029.0,2029.0,,2069.0,50.91388889,0.963888889,,
211,Hinkley Point C2,Nuclear,Steam Turbine,PP,GB,1630.0,,,0.0,0.0,0.0,2030.0,2030.0,,2070.0,50.91388889,0.963888889,,
212,Hunterston A1,Nuclear,Steam Turbine,PP,GB,150.0,,,0.0,0.0,0.0,1964.0,1964.0,,1990.0,50.91388889,0.963888889,,
213,Hunterston A2,Nuclear,Steam Turbine,PP,GB,150.0,,,0.0,0.0,0.0,1964.0,1964.0,,1989.0,50.91388889,0.963888889,,
214,Hunterston B1,Nuclear,Steam Turbine,PP,GB,420.0,,,0.0,0.0,0.0,1976.0,1976.0,,2022.0,50.91388889,0.963888889,,
215,Hunterston B2,Nuclear,Steam Turbine,PP,GB,420.0,,,0.0,0.0,0.0,1977.0,1977.0,,2022.0,50.91388889,0.963888889,,
216,Oldbury A1,Nuclear,Steam Turbine,PP,GB,217.0,,,0.0,0.0,0.0,1967.0,1967.0,,2012.0,50.91388889,0.963888889,,
217,Oldbury A2,Nuclear,Steam Turbine,PP,GB,217.0,,,0.0,0.0,0.0,1968.0,1968.0,,2011.0,50.91388889,0.963888889,,
218,Sizewell A1,Nuclear,Steam Turbine,PP,GB,210.0,,,0.0,0.0,0.0,1966.0,1966.0,,2006.0,52.21666667,1.619444444,,
219,Sizewell A2,Nuclear,Steam Turbine,PP,GB,210.0,,,0.0,0.0,0.0,1966.0,1966.0,,2006.0,52.21666667,1.619444444,,
220,Sizewell B,Nuclear,Steam Turbine,PP,GB,1188.0,,,0.0,0.0,0.0,1995.0,1995.0,,2035.0,52.21666667,1.619444444,,
221,Torness 1,Nuclear,Steam Turbine,PP,GB,625.0,,,0.0,0.0,0.0,1988.0,1988.0,,2030.0,52.21666667,1.619444444,,
222,Torness 2,Nuclear,Steam Turbine,PP,GB,625.0,,,0.0,0.0,0.0,1989.0,1989.0,,2030.0,52.21666667,1.619444444,,
223,Trawsfynydd 1,Nuclear,Steam Turbine,PP,GB,195.0,,,0.0,0.0,0.0,1965.0,1965.0,,1991.0,52.21666667,1.619444444,,
224,Trawsfynydd 2,Nuclear,Steam Turbine,PP,GB,195.0,,,0.0,0.0,0.0,1965.0,1965.0,,1991.0,52.21666667,1.619444444,,
225,Windscale AGR   1,Nuclear,Steam Turbine,PP,GB,0.0,,,0.0,0.0,0.0,,,,1957.0,52.21666667,1.619444444,,
226,Windscale AGR   2,Nuclear,Steam Turbine,PP,GB,0.0,,,0.0,0.0,0.0,,,,1957.0,52.21666667,1.619444444,,
227,Windscale AGR   3,Nuclear,Steam Turbine,PP,GB,24.0,,,0.0,0.0,0.0,1963.0,1963.0,,1981.0,52.21666667,1.619444444,,
228,Winfrith SGHWR –,Nuclear,Steam Turbine,PP,GB,92.0,,,0.0,0.0,0.0,1967.0,1967.0,,1990.0,52.21666667,1.619444444,,
229,Wylfa 1,Nuclear,Steam Turbine,PP,GB,490.0,,,0.0,0.0,0.0,1971.0,1971.0,,2015.0,52.21666667,1.619444444,,
230,Wylfa 2,Nuclear,Steam Turbine,PP,GB,490.0,,,0.0,0.0,0.0,1971.0,1971.0,,2012.0,52.21666667,1.619444444,,
231,Penly 3,Nuclear,Steam Turbine,PP,FR,1650.0,,,0.0,0.0,0.0,2035.0,2035.0,,2095.0,49.97666667,1.211944444,,
232,Penly 4,Nuclear,Steam Turbine,PP,FR,1650.0,,,0.0,0.0,0.0,2035.0,2035.0,,2095.0,49.97666667,1.211944444,,
233,Gravelines 7,Nuclear,Steam Turbine,PP,FR,1650.0,,,0.0,0.0,0.0,2038.0,2038.0,,2098.0,51.01361111,2.136111111,,
234,Gravelines 8,Nuclear,Steam Turbine,PP,FR,1650.0,,,0.0,0.0,0.0,2038.0,2038.0,,2098.0,51.01361111,2.136111111,,
235,Bugey 6,Nuclear,Steam Turbine,PP,FR,1650.0,,,0.0,0.0,0.0,2045.0,2045.0,,2105.0,45.79722222,5.27,,
236,Bugey 7,Nuclear,Steam Turbine,PP,FR,1650.0,,,0.0,0.0,0.0,2045.0,2045.0,,2105.0,45.79722222,5.27,,
237,Borssele 2,Nuclear,Steam Turbine,PP,NL,1650.0,,,0.0,0.0,0.0,2035.0,2035.0,,2075.0,51.43083333,3.718333333,,
238,Borssele 3,Nuclear,Steam Turbine,PP,NL,1650.0,,,0.0,0.0,0.0,2035.0,2035.0,,2075.0,51.43083333,3.718333333,,
239,Cernavodă 3,Nuclear,Steam Turbine,PP,RO,720.0,,,0.0,0.0,0.0,2031.0,2031.0,,2071.0,44.32234722,28.05728056,,
240,Cernavodă 4,Nuclear,Steam Turbine,PP,RO,720.0,,,0.0,0.0,0.0,2032.0,2032.0,,2072.0,44.32234722,28.05728056,,
241,Ringhals 5,Nuclear,Steam Turbine,PP,SE,1250.0,,,0.0,0.0,0.0,2035.0,2035.0,,2075.0,57.26111111,12.10833333,,
242,Ringhals 6,Nuclear,Steam Turbine,PP,SE,1250.0,,,0.0,0.0,0.0,2035.0,2035.0,,2075.0,57.26111111,12.10833333,,
243,Krško 2,Nuclear,Steam Turbine,PP,SI,1200.0,,,0.0,0.0,0.0,2035.0,2035.0,,2075.0,45.93841389,15.51546944,,
244,Dukovany 5,Nuclear,Steam Turbine,PP,CZ,1200.0,,,0.0,0.0,0.0,2036.0,2036.0,,2076.0,49.08509444,16.14899167,,
245,Dukovany 6,Nuclear,Steam Turbine,PP,CZ,1200.0,,,0.0,0.0,0.0,2050.0,2050.0,,2090.0,49.08509444,16.14899167,,
246,Paks 5,Nuclear,Steam Turbine,PP,HU,1200.0,,,0.0,0.0,0.0,2032.0,2032.0,,2072.0,46.5725,18.85416667,,
247,Paks 6,Nuclear,Steam Turbine,PP,HU,1200.0,,,0.0,0.0,0.0,2032.0,2032.0,,2072.0,46.5725,18.85416667,,
248,Bohunice 5,Nuclear,Steam Turbine,PP,SK,1200.0,,,0.0,0.0,0.0,2040.0,2040.0,,2080.0,48.49444444,17.68055556,,
249,Bradwell B1,Nuclear,Steam Turbine,PP,GB,1150.0,,,0.0,0.0,0.0,2030.0,2030.0,,2070.0,51.74194444,0.8975,,
250,Bradwell B2,Nuclear,Steam Turbine,PP,GB,1150.0,,,0.0,0.0,0.0,2030.0,2030.0,,2070.0,51.74194444,0.8975,,
251,Pomerania 1,Nuclear,Steam Turbine,PP,PL,1250.0,,,0.0,0.0,0.0,2033.0,2033.0,,2073.0,54.742854,17.892155,,
252,Pomerania 2,Nuclear,Steam Turbine,PP,PL,1250.0,,,0.0,0.0,0.0,2033.0,2033.0,,2073.0,54.742854,17.892155,,
253,Pomerania 3,Nuclear,Steam Turbine,PP,PL,1250.0,,,0.0,0.0,0.0,2033.0,2033.0,,2073.0,54.742854,17.892155,,
254,Patnów 1,Nuclear,Steam Turbine,PP,PL,1400.0,,,0.0,0.0,0.0,2035.0,2035.0,,2075.0,52.302,18.237,,
255,Patnów 2,Nuclear,Steam Turbine,PP,PL,1400.0,,,0.0,0.0,0.0,2035.0,2035.0,,2075.0,52.302,18.237,,
256,Gacko,Lignite,Steam Turbine,PP,BA,300,,,0.0,0.0,0.0,1983.0,1983.0,,2040.0,43.1721,18.5116,,
257,Kakanj,Lignite,Steam Turbine,PP,BA,450,,,0.0,0.0,0.0,1969.0,1969.0,,2040.0,44.0896,18.1139,,
258,Stanari,Lignite,Steam Turbine,PP,BA,300,,,0.0,0.0,0.0,2016.0,2016.0,,2040.0,44.7593,17.8232,,
259,Tuzla,Lignite,Steam Turbine,PP,BA,723,,,0.0,0.0,0.0,1966.0,1966.0,,2040.0,44.521,18.6064,,
260,Ugljevik,Lignite,Steam Turbine,PP,BA,300,,,0.0,0.0,0.0,1985.0,1985.0,,2040.0,44.6822,18.9674,,
261,Deven,Hard Coal,Steam Turbine,PP,BG,174,,,0.0,0.0,0.0,2009.0,2009.0,,2040.0,43.1974,27.6329,,
262,Maritsa 3,Lignite,Steam Turbine,PP,BG,120,,,0.0,0.0,0.0,1971.0,1971.0,,2040.0,42.052,25.6232,,
263,Bobov Dol,Lignite,Steam Turbine,PP,BG,630,,,0.0,0.0,0.0,1973.0,1973.0,,2040.0,42.2852,23.0344,,
264,AES Galabovo,Lignite,Steam Turbine,PP,BG,670,,,0.0,0.0,0.0,2011.0,2011.0,,2040.0,42.1591,25.9089,,
265,Maritsa East 2,Lignite,Steam Turbine,PP,BG,1602,,,0.0,0.0,0.0,1966.0,1966.0,,2040.0,42.2564,26.132,,
266,ContourGlobal Maritsa East 3,Lignite,Steam Turbine,PP,BG,908,,,0.0,0.0,0.0,1978.0,1978.0,,2040.0,42.1449,26.0025,,
267,Republika (Pernik),Lignite,Steam Turbine,PP,BG,130,,,0.0,0.0,0.0,1951.0,1951.0,,2040.0,42.6067,23.0783,,
268,Ruse Iztok,Hard Coal,Steam Turbine,PP,BG,400,,,0.0,0.0,0.0,1964.0,1964.0,,2040.0,43.8664,26.0092,,
269,Brikel,Lignite,Steam Turbine,PP,BG,360,,,0.0,0.0,0.0,1964.0,1964.0,,2040.0,42.1545,25.9061,,
270,Sliven,Lignite,Steam Turbine,PP,BG,45,,,0.0,0.0,0.0,1969.0,1969.0,,2040.0,42.6548,26.3259,,
271,Ledvice,Lignite,Steam Turbine,PP,CZ,770,,,0.0,0.0,0.0,1969.0,1969.0,,2040.0,50.5765,13.7807,,
272,Chvaletice,Lignite,Steam Turbine,PP,CZ,820,,,0.0,0.0,0.0,1979.0,1979.0,,2040.0,50.0284,15.453,,
273,Detmarovice,Hard Coal,Steam Turbine,PP,CZ,600,,,0.0,0.0,0.0,1976.0,1976.0,,2030.0,49.9064,18.4656,,
274,Hodonin,Lignite,Steam Turbine,PP,CZ,107,,,0.0,0.0,0.0,1957.0,1957.0,,2040.0,48.847,17.1197,,
275,Melnik I,Lignite,Steam Turbine,PP,CZ,240,,,0.0,0.0,0.0,1960.0,1960.0,,2040.0,50.4145,14.4133,,
276,Melnik II/III,Lignite,Steam Turbine,PP,CZ,110,,,0.0,0.0,0.0,1971.0,1971.0,,2026.0,50.414,14.4154,,
277,Prunerov,Lignite,Steam Turbine,PP,CZ,750,,,0.0,0.0,0.0,1968.0,1968.0,,2040.0,50.4187,13.2587,,
278,Tusimice,Lignite,Steam Turbine,PP,CZ,800,,,0.0,0.0,0.0,1974.0,1974.0,,2040.0,50.3826,13.3381,,
279,Teplarna Ceskoslovenske Armady (CSA),Hard Coal,Steam Turbine,PP,CZ,24,,,0.0,0.0,0.0,1952.0,1952.0,,2030.0,49.8443,18.496,,
280,Karvina,Hard Coal,Steam Turbine,PP,CZ,55,,,0.0,0.0,0.0,1970.0,1970.0,,2026.0,49.8232,18.4785,,
281,Kladno,Lignite,Steam Turbine,PP,CZ,406,,,0.0,0.0,0.0,1976.0,1976.0,,2040.0,50.1535,14.1286,,
282,Kolin,Lignite,Steam Turbine,PP,CZ,17,,,0.0,0.0,0.0,1964.0,1964.0,,2040.0,50.0304,15.2101,,
283,Sko-Energo,Lignite,Steam Turbine,PP,CZ,70,,,0.0,0.0,0.0,1999.0,1999.0,,2040.0,50.4178,14.9345,,
284,Komorany,Lignite,Steam Turbine,PP,CZ,239,,,0.0,0.0,0.0,1951.0,1951.0,,2040.0,50.5223,13.5721,,
285,Olomouc,Hard Coal,Steam Turbine,PP,CZ,50,,,0.0,0.0,0.0,1952.0,1952.0,,2040.0,49.5873,17.2664,,
286,Trebovice,Hard Coal,Steam Turbine,PP,CZ,177,,,0.0,0.0,0.0,1964.0,1964.0,,2040.0,49.8318,18.2105,,
287,Zavod 4,Lignite,Steam Turbine,PP,CZ,155,,,0.0,0.0,0.0,1970.0,1970.0,,2040.0,49.7959,18.3058,,
288,Otrokovice,Lignite,Steam Turbine,PP,CZ,50,,,0.0,0.0,0.0,1970.0,1970.0,,2040.0,49.2047,17.5203,,
289,Opatovice,Lignite,Steam Turbine,PP,CZ,360,,,0.0,0.0,0.0,1960.0,1960.0,,2040.0,50.1271,15.7919,,
290,Plzen,Lignite,Steam Turbine,PP,CZ,137,,,0.0,0.0,0.0,1982.0,1982.0,,2040.0,49.7545,13.399,,
291,Pocerady,Lignite,Steam Turbine,PP,CZ,1000,,,0.0,0.0,0.0,1971.0,1971.0,,2040.0,50.4267,13.6774,,
292,Chomutov,Lignite,Steam Turbine,PP,CZ,26,,,0.0,0.0,0.0,1966.0,1966.0,,2040.0,50.4622,13.4274,,
293,Malesice,Hard Coal,Steam Turbine,PP,CZ,165,,,0.0,0.0,0.0,1969.0,1969.0,,2040.0,50.0848,14.5254,,
294,Prerov,Hard Coal,Steam Turbine,PP,CZ,61,,,0.0,0.0,0.0,1966.0,1966.0,,2030.0,49.4451,17.4285,,
295,Pribram,Lignite,Steam Turbine,PP,CZ,42,,,0.0,0.0,0.0,1995.0,1995.0,,2040.0,49.6956,14.0028,,
296,Tisova,Lignite,Steam Turbine,PP,CZ,289,,,0.0,0.0,0.0,1958.0,1958.0,,2040.0,50.1522,12.6102,,
297,Porici II,Lignite,Steam Turbine,PP,CZ,165,,,0.0,0.0,0.0,1957.0,1957.0,,2040.0,50.5724,15.9634,,
298,Zlin,Lignite,Steam Turbine,PP,CZ,61,,,0.0,0.0,0.0,1938.0,1938.0,,2040.0,49.2254,17.6538,,
299,Plzenska energetika ELU III,Lignite,Steam Turbine,PP,CZ,90,,,0.0,0.0,0.0,1960.0,1960.0,,2040.0,49.7395,13.3455,,
300,Koprivnice,Hard Coal,Steam Turbine,PP,CZ,18,,,0.0,0.0,0.0,1970.0,1970.0,,2040.0,49.5833,18.1334,,
301,Trmice,Lignite,Steam Turbine,PP,CZ,89,,,0.0,0.0,0.0,1974.0,1974.0,,2040.0,50.6462,13.9854,,
302,Altbach/Deizisau,Hard Coal,Steam Turbine,PP,DE,855,,,0.0,0.0,0.0,1985.0,1985.0,,2030.0,48.7191,9.3713,,
303,Niederaussem,Lignite,Steam Turbine,PP,DE,3021,,,0.0,0.0,0.0,1963.0,1963.0,,2033.0,50.9709,6.6666,,
304,Bergkamen,Hard Coal,Steam Turbine,PP,DE,780,,,0.0,0.0,0.0,1981.0,1981.0,,2024.0,51.6372,7.6191,,
305,Berlin-Moabit,Hard Coal,Steam Turbine,PP,DE,100,,,0.0,0.0,0.0,1990.0,1990.0,,2030.0,52.5374,13.3449,,
306,Berlin-Reuter West,Hard Coal,Steam Turbine,PP,DE,600,,,0.0,0.0,0.0,1987.0,1987.0,,2029.0,52.5352,13.2437,,
307,Bexbach,Hard Coal,Steam Turbine,PP,DE,780,,,0.0,0.0,0.0,1983.0,1983.0,,2030.0,49.3649,7.2355,,
308,Lippendorf,Lignite,Steam Turbine,PP,DE,1868,,,0.0,0.0,0.0,1999.0,1999.0,,2034.0,51.1832,12.3717,,
309,Boxberg,Lignite,Steam Turbine,PP,DE,2582,,,0.0,0.0,0.0,1979.0,1979.0,,2034.0,51.4188,14.5743,,
310,Braunschweig,Hard Coal,Steam Turbine,PP,DE,78,,,0.0,0.0,0.0,1984.0,1984.0,,2024.0,52.278,10.5147,,
311,Bremen-Farge,Hard Coal,Steam Turbine,PP,DE,380,,,0.0,0.0,0.0,1969.0,1969.0,,2024.0,53.2021,8.5162,,
312,Bremen-Hastedt,Hard Coal,Steam Turbine,PP,DE,129,,,0.0,0.0,0.0,1989.0,1989.0,,2024.0,53.0593,8.873,,
313,Chemnitz North II,Lignite,Steam Turbine,PP,DE,167,,,0.0,0.0,0.0,1988.0,1988.0,,2024.0,50.8566,12.923,,
314,Duisburg-Walsum,Hard Coal,Steam Turbine,PP,DE,790,,,0.0,0.0,0.0,1959.0,1959.0,,2030.0,51.526,6.7196,,
315,Weisweiler,Lignite,Steam Turbine,PP,DE,1595,,,0.0,0.0,0.0,1955.0,1955.0,,2029.0,50.8332,6.3146,,
316,Flensburg,Hard Coal,Steam Turbine,PP,DE,100,,,0.0,0.0,0.0,1978.0,1978.0,,2030.0,54.8049,9.4327,,
317,Frankfurt/Main West,Hard Coal,Steam Turbine,PP,DE,144,,,0.0,0.0,0.0,1989.0,1989.0,,2026.0,50.0986,8.6532,,
318,Scholven/Buer,Hard Coal,Steam Turbine,PP,DE,816,,,0.0,0.0,0.0,1968.0,1968.0,,2030.0,51.6024,7.0099,,
319,Neurath,Lignite,Steam Turbine,PP,DE,3800,,,0.0,0.0,0.0,1972.0,1972.0,,2033.0,51.0372,6.5992,,
320,Staudinger,Hard Coal,Steam Turbine,PP,DE,553,,,0.0,0.0,0.0,1965.0,1965.0,,2024.0,50.0877,8.9535,,
321,Hamburg-Tiefstack,Hard Coal,Steam Turbine,PP,DE,205,,,0.0,0.0,0.0,1993.0,1993.0,,2030.0,53.5261,10.0655,,
322,Hannover,Hard Coal,Steam Turbine,PP,DE,300,,,0.0,0.0,0.0,1989.0,1989.0,,2026.0,52.4203,9.6476,,
323,Heilbronn,Hard Coal,Steam Turbine,PP,DE,1066,,,0.0,0.0,0.0,1965.0,1965.0,,2030.0,49.1756,9.2076,,
324,Herne,Hard Coal,Steam Turbine,PP,DE,500,,,0.0,0.0,0.0,1963.0,1963.0,,2026.0,51.5507,7.1875,,
325,Mehrum,Hard Coal,Steam Turbine,PP,DE,750,,,0.0,0.0,0.0,1979.0,1979.0,,2024.0,52.315,10.0914,,
326,Waehlitz,Lignite,Steam Turbine,PP,DE,37,,,0.0,0.0,0.0,1994.0,1994.0,,2030.0,51.1663,12.0764,,
327,Goldenberg,Lignite,Steam Turbine,PP,DE,76,,,0.0,0.0,0.0,1992.0,1992.0,,2030.0,50.861,6.8434,,
328,HKW Karcherstr.,Hard Coal,Steam Turbine,PP,DE,15,,,0.0,0.0,0.0,1996.0,1996.0,,2030.0,49.435,7.7609,,
329,Karlsruhe,Hard Coal,Steam Turbine,PP,DE,1462,,,0.0,0.0,0.0,1985.0,1985.0,,2030.0,49.0143,8.3042,,
330,Kassel,Lignite,Steam Turbine,PP,DE,38,,,0.0,0.0,0.0,1988.0,1988.0,,2025.0,51.2793,9.4833,,
331,Cologne-Merkenich,Lignite,Steam Turbine,PP,DE,85,,,0.0,0.0,0.0,2010.0,2010.0,,2026.0,51.0168,6.9634,,
332,Leverkusen,Hard Coal,Steam Turbine,PP,DE,112,,,0.0,0.0,0.0,1962.0,1962.0,,2030.0,51.0222,6.9859,,
333,Luenen-Stummhafen,Hard Coal,Steam Turbine,PP,DE,820,,,0.0,0.0,0.0,2013.0,2013.0,,2030.0,51.6141,7.4652,,
334,Mannheim,Hard Coal,Steam Turbine,PP,DE,2146,,,0.0,0.0,0.0,1966.0,1966.0,,2030.0,49.447,8.4925,,
335,Marl,Hard Coal,Steam Turbine,PP,DE,136,,,0.0,0.0,0.0,1966.0,1966.0,,2024.0,51.696393,7.093964,,
336,Offenbach,Hard Coal,Steam Turbine,PP,DE,60,,,0.0,0.0,0.0,1990.0,1990.0,,2030.0,50.1113,8.7454,,
337,Jaenschwalde,Lignite,Steam Turbine,PP,DE,3210,,,0.0,0.0,0.0,1981.0,1981.0,,2028.0,51.8335,14.4577,,
338,Heyden,Hard Coal,Steam Turbine,PP,DE,923,,,0.0,0.0,0.0,1987.0,1987.0,,2024.0,52.3816,8.9986,,
339,Quierschied-Weiher,Hard Coal,Steam Turbine,PP,DE,724,,,0.0,0.0,0.0,1976.0,1976.0,,2030.0,49.3356,7.0309,,
340,Rostock,Hard Coal,Steam Turbine,PP,DE,553,,,0.0,0.0,0.0,1994.0,1994.0,,2030.0,54.1428,12.1329,,
341,Schkopau,Lignite,Steam Turbine,PP,DE,980,,,0.0,0.0,0.0,1996.0,1996.0,,2034.0,51.3985,11.9504,,
342,Schwarze Pumpe,Lignite,Steam Turbine,PP,DE,1600,,,0.0,0.0,0.0,1997.0,1997.0,,2034.0,51.5354,14.3538,,
343,Schweinfurt,Hard Coal,Steam Turbine,PP,DE,29,,,0.0,0.0,0.0,1990.0,1990.0,,2030.0,50.0301,10.2236,,
344,Stuttgart-Muenster,Hard Coal,Steam Turbine,PP,DE,96,,,0.0,0.0,0.0,1982.0,1982.0,,2030.0,48.8154,9.2197,,
345,Krefeld-Uerdingen,Hard Coal,Steam Turbine,PP,DE,148,,,0.0,0.0,0.0,1957.0,1957.0,,2030.0,51.3682,6.6624,,
346,Ulm Magirusstrasse,Hard Coal,Steam Turbine,PP,DE,135,,,0.0,0.0,0.0,1978.0,1978.0,,2030.0,48.3967,9.9654,,
347,Munich North,Hard Coal,Steam Turbine,PP,DE,365,,,0.0,0.0,0.0,1991.0,1991.0,,2030.0,48.1812,11.6398,,
348,Voelklingen-Fenne model,Hard Coal,Steam Turbine,PP,DE,466,,,0.0,0.0,0.0,1982.0,1982.0,,2024.0,49.2491,6.879,,
349,Walheim,Hard Coal,Steam Turbine,PP,DE,267,,,0.0,0.0,0.0,1964.0,1964.0,,2030.0,49.0177,9.1577,,
350,Wedel,Hard Coal,Steam Turbine,PP,DE,290,,,0.0,0.0,0.0,1961.0,1961.0,,2030.0,53.5665,9.7257,,
351,Wolfsburg North,Hard Coal,Steam Turbine,PP,DE,140,,,0.0,0.0,0.0,2000.0,2000.0,,2030.0,52.4317,10.787,,
352,Wolfsburg West,Hard Coal,Steam Turbine,PP,DE,306,,,0.0,0.0,0.0,1985.0,1985.0,,2024.0,52.4295,10.7683,,
353,Zolling-Leininger,Hard Coal,Steam Turbine,PP,DE,474,,,0.0,0.0,0.0,1986.0,1986.0,,2025.0,48.4552,11.7995,,
354,Wilhelmshaven New,Hard Coal,Steam Turbine,PP,DE,795,,,0.0,0.0,0.0,2015.0,2015.0,,2030.0,53.5788,8.1327,,
355,Frankfurt/Oder,Lignite,Steam Turbine,PP,DE,49,,,0.0,0.0,0.0,1997.0,1997.0,,2024.0,52.3182,14.5315,,
356,Fortuna Nord,Lignite,Steam Turbine,PP,DE,16,,,0.0,0.0,0.0,1984.0,1984.0,,2030.0,50.9869,6.6581,,
357,Ville/Berrenrath,Lignite,Steam Turbine,PP,DE,57,,,0.0,0.0,0.0,1991.0,1991.0,,2030.0,50.8671,6.8361,,
358,Datteln IV,Hard Coal,Steam Turbine,PP,DE,1100,,,0.0,0.0,0.0,2020.0,2020.0,,2030.0,51.6293,7.3307,,
359,Esbjerg,Hard Coal,Steam Turbine,PP,DK,407,,,0.0,0.0,0.0,1992.0,1992.0,,2024.0,55.4551,8.4578,,
360,Fyns,Hard Coal,Steam Turbine,PP,DK,362,,,0.0,0.0,0.0,1974.0,1974.0,,2024.0,55.4294,10.4102,,
361,Studstrup,Hard Coal,Steam Turbine,PP,DK,380,,,0.0,0.0,0.0,1984.0,1984.0,,2024.0,56.2515,10.3438,,
362,Nordjylland,Hard Coal,Steam Turbine,PP,DK,411,,,0.0,0.0,0.0,1977.0,1977.0,,2028.0,57.0776,10.0404,,
363,Agios Dimitrios,Lignite,Steam Turbine,PP,EL,1595,,,0.0,0.0,0.0,1984.0,1984.0,,2025.0,40.3938,21.9251,,
364,Melitis (Florina),Lignite,Steam Turbine,PP,EL,330,,,0.0,0.0,0.0,2003.0,2003.0,,2025.0,40.811,21.601,,
365,Megalopoli B,Lignite,Steam Turbine,PP,EL,300,,,0.0,0.0,0.0,1991.0,1991.0,,2025.0,37.416,22.067,,
366,Ptolemaida V,Lignite,Steam Turbine,PP,EL,660,,,0.0,0.0,0.0,2023.0,2023.0,,2028.0,40.4809,21.7269,,
367,Alcudia II,Hard Coal,Steam Turbine,PP,ES,260,,,0.0,0.0,0.0,1981.0,1981.0,,2025.0,39.8106,3.0913,,
368,As Pontes,Hard Coal,Steam Turbine,PP,ES,735,,,0.0,0.0,0.0,1976.0,1976.0,,2024.0,43.4433,-7.8608,,
369,Abono,Hard Coal,Steam Turbine,PP,ES,916,,,0.0,0.0,0.0,1974.0,1974.0,,2040.0,43.5527,-5.7235,,
370,Los Barrios,Hard Coal,Steam Turbine,PP,ES,589,,,0.0,0.0,0.0,1985.0,1985.0,,2030.0,36.1837,-5.4184,,
371,La Pereda,Hard Coal,Steam Turbine,PP,ES,54,,,0.0,0.0,0.0,1995.0,1995.0,,2030.0,43.272737,-5.809021,,
372,Soto de Ribera,Hard Coal,Steam Turbine,PP,ES,350,,,0.0,0.0,0.0,1962.0,1962.0,,2040.0,43.3116,-5.8732,,
373,Suomenoja,Hard Coal,Steam Turbine,PP,FI,80,,,0.0,0.0,0.0,1977.0,1977.0,,2025.0,60.1491,24.7174,,
374,Salmisaari,Hard Coal,Steam Turbine,PP,FI,177,,,0.0,0.0,0.0,1984.0,1984.0,,2025.0,60.1648,24.9029,,
375,Naantali 1,Hard Coal,Steam Turbine,PP,FI,125,,,0.0,0.0,0.0,1960.0,1960.0,,2027.0,60.4585,22.0536,,
376,Meri-Pori,Hard Coal,Steam Turbine,PP,FI,614,,,0.0,0.0,0.0,1994.0,1994.0,,2029.0,61.6322,21.4047,,
377,Vaskiluoto 2,Hard Coal,Steam Turbine,PP,FI,250,,,0.0,0.0,0.0,1981.0,1981.0,,2029.0,63.0909,21.5536,,
378,Martinlaakso,Hard Coal,Steam Turbine,PP,FI,80,,,0.0,0.0,0.0,1980.0,1980.0,,2029.0,60.2821,24.8367,,
379,Cordemais,Hard Coal,Steam Turbine,PP,FR,1260,,,0.0,0.0,0.0,1983.0,1983.0,,2040.0,47.2762,-1.8776,,
380,Emile-Huchet,Hard Coal,Steam Turbine,PP,FR,647,,,0.0,0.0,0.0,1958.0,1958.0,,2027.0,49.1525,6.6981,,
381,Le Gol,Hard Coal,Steam Turbine,PP,FR,122,,,0.0,0.0,0.0,1995.0,1995.0,,2040.0,-21.279393,55.397028,,
382,Plomin,Hard Coal,Steam Turbine,PP,HR,335,,,0.0,0.0,0.0,1969.0,1969.0,,2040.0,45.1367,14.1626,,
383,Oroszlany,Hard Coal,Steam Turbine,PP,HU,250,,,0.0,0.0,0.0,1961.0,1961.0,,2040.0,47.5017,18.271,,
384,Matra,Lignite,Steam Turbine,PP,HU,884,,,0.0,0.0,0.0,1969.0,1969.0,,2027.0,47.79027,20.06358,,
385,Moneypoint,Hard Coal,Steam Turbine,PP,IE,915,,,0.0,0.0,0.0,1985.0,1985.0,,2040.0,52.6075,-9.4227,,
386,Brindisi Sud,Hard Coal,Steam Turbine,PP,IT,1980,,,0.0,0.0,0.0,1991.0,1991.0,,2025.0,40.5639,18.0322,,
387,Brindisi Nord,Hard Coal,Steam Turbine,PP,IT,640,,,0.0,0.0,0.0,1979.0,1979.0,,2040.0,40.6431,17.9808,,
388,Torrevaldaliga Nord,Hard Coal,Steam Turbine,PP,IT,1980,,,0.0,0.0,0.0,2009.0,2009.0,,2025.0,42.1283,11.7578,,
389,Monfalcone,Hard Coal,Steam Turbine,PP,IT,336,,,0.0,0.0,0.0,1965.0,1965.0,,2040.0,45.7967,13.5456,,
390,Fiume Santo,Hard Coal,Steam Turbine,PP,IT,640,,,0.0,0.0,0.0,1992.0,1992.0,,2040.0,40.8517,8.2992,,
391,Sulcis Power Station,Hard Coal,Steam Turbine,PP,IT,590,,,0.0,0.0,0.0,1986.0,1986.0,,2027.0,39.223768,8.431664,,
392,Kosovo A,Lignite,Steam Turbine,PP,KS,610,,,0.0,0.0,0.0,1962.0,1962.0,,2040.0,42.6765,21.0859,,
393,Kosovo B,Lignite,Steam Turbine,PP,KS,678,,,0.0,0.0,0.0,1983.0,1983.0,,2040.0,42.6931,21.056,,
394,Pljevlja Power Station,Lignite,Steam Turbine,PP,ME,225,,,0.0,0.0,0.0,1982.0,1982.0,,2040.0,43.334574,19.32714,,
395,Bitola,Lignite,Steam Turbine,PP,MK,675,,,0.0,0.0,0.0,1982.0,1982.0,,2040.0,41.0583,21.4843,,
396,Oslomej,Lignite,Steam Turbine,PP,MK,125,,,0.0,0.0,0.0,1980.0,1980.0,,2040.0,41.582133,21.000288,,
397,Amer,Hard Coal,Steam Turbine,PP,NL,652,,,0.0,0.0,0.0,1981.0,1981.0,,2024.0,51.7078,4.8439,,
398,Maasvlakte 3,Hard Coal,Steam Turbine,PP,NL,1196,,,0.0,0.0,0.0,2016.0,2016.0,,2029.0,51.9586,4.0264,,
399,Maasvlakte New,Hard Coal,Steam Turbine,PP,NL,870,,,0.0,0.0,0.0,2015.0,2015.0,,2029.0,51.944,4.0716,,
400,Eemshaven,Hard Coal,Steam Turbine,PP,NL,1740,,,0.0,0.0,0.0,2015.0,2015.0,,2029.0,53.4405,6.8612,,
401,Bedzin,Hard Coal,Steam Turbine,PP,PL,82,,,0.0,0.0,0.0,1975.0,1975.0,,2040.0,50.302,19.1371,,
402,Lagisza,Hard Coal,Steam Turbine,PP,PL,460,,,0.0,0.0,0.0,1963.0,1963.0,,2040.0,50.3489,19.1445,,
403,Belchatow,Lignite,Steam Turbine,PP,PL,5030,,,0.0,0.0,0.0,1981.0,1981.0,,2036.0,51.2658,19.3153,,
404,Bialystok,Hard Coal,Steam Turbine,PP,PL,110,,,0.0,0.0,0.0,1978.0,1978.0,,2040.0,53.1484,23.1701,,
405,Bielsko-Biala,Hard Coal,Steam Turbine,PP,PL,50,,,0.0,0.0,0.0,1960.0,1960.0,,2040.0,49.8117,19.0529,,
406,Turow,Lignite,Steam Turbine,PP,PL,1948,,,0.0,0.0,0.0,1963.0,1963.0,,2040.0,50.9486,14.9131,,
407,Opole,Hard Coal,Steam Turbine,PP,PL,3332,,,0.0,0.0,0.0,1993.0,1993.0,,2040.0,50.7518,17.882,,
408,Bydgoszcz II,Hard Coal,Steam Turbine,PP,PL,192,,,0.0,0.0,0.0,1971.0,1971.0,,2040.0,53.0992,18.0875,,
409,Chorzow 2,Hard Coal,Steam Turbine,PP,PL,226,,,0.0,0.0,0.0,2003.0,2003.0,,2040.0,50.3078,18.9686,,
410,Czestochowa,Hard Coal,Steam Turbine,PP,PL,64,,,0.0,0.0,0.0,2010.0,2010.0,,2040.0,50.7943,19.1425,,
411,Elblag,Hard Coal,Steam Turbine,PP,PL,62,,,0.0,0.0,0.0,1955.0,1955.0,,2025.0,54.1817,19.3893,,
412,Gdansk 2,Hard Coal,Steam Turbine,PP,PL,218,,,0.0,0.0,0.0,1971.0,1971.0,,2040.0,54.3781,18.6417,,
413,Gdynia,Hard Coal,Steam Turbine,PP,PL,106,,,0.0,0.0,0.0,1980.0,1980.0,,2040.0,54.5533,18.4808,,
414,Jaworzno 2,Hard Coal,Steam Turbine,PP,PL,200,,,0.0,0.0,0.0,1998.0,1998.0,,2040.0,50.2122,19.2289,,
415,Jaworzno 3,Hard Coal,Steam Turbine,PP,PL,2255,,,0.0,0.0,0.0,1977.0,1977.0,,2040.0,50.2078,19.2097,,
416,Katowice,Hard Coal,Steam Turbine,PP,PL,135,,,0.0,0.0,0.0,1999.0,1999.0,,2040.0,50.2853,19.0539,,
417,Patnow I,Lignite,Steam Turbine,PP,PL,600,,,0.0,0.0,0.0,1967.0,1967.0,,2024.0,52.3055,18.2317,,
418,Kozienice,Hard Coal,Steam Turbine,PP,PL,3994,,,0.0,0.0,0.0,1972.0,1972.0,,2048.0,51.6647,21.4667,,
419,Krakow,Hard Coal,Steam Turbine,PP,PL,350,,,0.0,0.0,0.0,1970.0,1970.0,,2040.0,50.0542,20.0069,,
420,Laziska,Hard Coal,Steam Turbine,PP,PL,905,,,0.0,0.0,0.0,1960.0,1960.0,,2040.0,50.1337,18.8465,,
421,Lodz 3,Hard Coal,Steam Turbine,PP,PL,197,,,0.0,0.0,0.0,1968.0,1968.0,,2025.0,51.7424,19.4476,,
422,Lodz 4,Hard Coal,Steam Turbine,PP,PL,215,,,0.0,0.0,0.0,1977.0,1977.0,,2025.0,51.7463,19.5382,,
423,Mielec,Hard Coal,Steam Turbine,PP,PL,30,,,0.0,0.0,0.0,1962.0,1962.0,,2040.0,50.3044,21.4611,,
424,Dolna Odra,Hard Coal,Steam Turbine,PP,PL,908,,,0.0,0.0,0.0,1974.0,1974.0,,2040.0,53.2058,14.4663,,
425,Ostroleka,Hard Coal,Steam Turbine,PP,PL,681,,,0.0,0.0,0.0,1957.0,1957.0,,2040.0,53.1044,21.612,,
426,Polaniec,Hard Coal,Steam Turbine,PP,PL,1674,,,0.0,0.0,0.0,1979.0,1979.0,,2040.0,50.4381,21.3368,,
427,Poznan-Karolin,Hard Coal,Steam Turbine,PP,PL,285,,,0.0,0.0,0.0,1985.0,1985.0,,2025.0,52.4361,16.9889,,
428,Rybnik,Hard Coal,Steam Turbine,PP,PL,875,,,0.0,0.0,0.0,1972.0,1972.0,,2040.0,50.1333,18.5236,,
429,Czechnica,Hard Coal,Steam Turbine,PP,PL,132,,,0.0,0.0,0.0,1955.0,1955.0,,2024.0,51.0381,17.1503,,
430,Skawina,Hard Coal,Steam Turbine,PP,PL,330,,,0.0,0.0,0.0,1961.0,1961.0,,2040.0,49.9757,19.8011,,
431,Pomorzany,Hard Coal,Steam Turbine,PP,PL,134,,,0.0,0.0,0.0,1959.0,1959.0,,2040.0,53.3922,14.5257,,
432,Szczecin,Hard Coal,Steam Turbine,PP,PL,68,,,0.0,0.0,0.0,1957.0,1957.0,,2040.0,53.4113,14.586,,
433,Siersza,Hard Coal,Steam Turbine,PP,PL,306,,,0.0,0.0,0.0,1969.0,1969.0,,2040.0,50.2064,19.463,,
434,Tychy,Hard Coal,Steam Turbine,PP,PL,65,,,0.0,0.0,0.0,2003.0,2003.0,,2040.0,50.1063,19.0143,,
435,Siekierki,Hard Coal,Steam Turbine,PP,PL,591,,,0.0,0.0,0.0,1961.0,1961.0,,2040.0,52.1896,21.0906,,
436,Zeran,Hard Coal,Steam Turbine,PP,PL,386,,,0.0,0.0,0.0,1954.0,1954.0,,2030.0,52.2944,20.9943,,
437,Wroclaw,Hard Coal,Steam Turbine,PP,PL,263,,,0.0,0.0,0.0,1970.0,1970.0,,2040.0,51.1239,17.0244,,
438,Zofiowka Moszczenica,Hard Coal,Steam Turbine,PP,PL,41,,,0.0,0.0,0.0,1966.0,1966.0,,2040.0,49.9421,18.5698,,
439,Patnow II,Lignite,Steam Turbine,PP,PL,474,,,0.0,0.0,0.0,2008.0,2008.0,,2028.0,52.3055,18.2317,,
440,Zabrze II,Hard Coal,Steam Turbine,PP,PL,75,,,0.0,0.0,0.0,2018.0,2018.0,,2040.0,50.3249,18.7857,,
441,Craiova II,Lignite,Steam Turbine,PP,RO,300,,,0.0,0.0,0.0,1987.0,1987.0,,2040.0,44.3474,23.8151,,
442,Iasi II,Hard Coal,Steam Turbine,PP,RO,60,,,0.0,0.0,0.0,1986.0,1986.0,,2040.0,47.1493,27.6048,,
443,Isalnita,Lignite,Steam Turbine,PP,RO,315,,,0.0,0.0,0.0,1987.0,1987.0,,2025.0,44.3857,23.7172,,
444,Govora,Lignite,Steam Turbine,PP,RO,100,,,0.0,0.0,0.0,1986.0,1986.0,,2040.0,45.0408,24.2901,,
445,Rovinari,Lignite,Steam Turbine,PP,RO,990,,,0.0,0.0,0.0,1976.0,1976.0,,2030.0,44.9134,23.1337,,
446,Turceni,Lignite,Steam Turbine,PP,RO,990,,,0.0,0.0,0.0,1976.0,1976.0,,2029.0,44.6648,23.4096,,
447,Paroseni,Hard Coal,Steam Turbine,PP,RO,150,,,0.0,0.0,0.0,1964.0,1964.0,,2032.0,45.3609,23.2636,,
448,Kolubara A,Lignite,Steam Turbine,PP,RS,239,,,0.0,0.0,0.0,1956.0,1956.0,,2040.0,44.4803,20.2935,,
449,Kostolac A,Lignite,Steam Turbine,PP,RS,310,,,0.0,0.0,0.0,1967.0,1967.0,,2040.0,44.7237,21.1716,,
450,Kostolac B,Lignite,Steam Turbine,PP,RS,696,,,0.0,0.0,0.0,1987.0,1987.0,,2040.0,44.7307,21.211,,
451,Morava,Lignite,Steam Turbine,PP,RS,120,,,0.0,0.0,0.0,1969.0,1969.0,,2040.0,44.2238,21.1631,,
452,Nikola Tesla A,Lignite,Steam Turbine,PP,RS,1745,,,0.0,0.0,0.0,1970.0,1970.0,,2040.0,44.6713,20.1584,,
453,Nikola Tesla B,Lignite,Steam Turbine,PP,RS,1290,,,0.0,0.0,0.0,1983.0,1983.0,,2040.0,44.6713,20.1584,,
454,Te-Tol,Hard Coal,Steam Turbine,PP,SI,124,,,0.0,0.0,0.0,1966.0,1966.0,,2040.0,46.058,14.5451,,
455,Sostanj,Lignite,Steam Turbine,PP,SI,945,,,0.0,0.0,0.0,1956.0,1956.0,,2040.0,46.3723,15.0534,,
456,Teko,Hard Coal,Steam Turbine,PP,SK,66,,,0.0,0.0,0.0,1967.0,1967.0,,2024.0,48.6997,21.2731,,
457,Vojany EVO I,Hard Coal,Steam Turbine,PP,SK,220,,,0.0,0.0,0.0,1965.0,1965.0,,2024.0,48.5525,21.9726,,
458,Silopi,Lignite,Steam Turbine,PP,TR,414,,,0.0,0.0,0.0,2009.0,2009.0,,2040.0,37.2465,42.4643,,
459,Atlas,Hard Coal,Steam Turbine,PP,TR,1304,,,0.0,0.0,0.0,2014.0,2014.0,,2040.0,36.5858,36.1797,,
460,Colakoglu,Hard Coal,Steam Turbine,PP,TR,207,,,0.0,0.0,0.0,2003.0,2003.0,,2040.0,40.7873,29.5292,,
461,ICDAS Bekirli,Hard Coal,Steam Turbine,PP,TR,1216,,,0.0,0.0,0.0,2011.0,2011.0,,2040.0,40.3916,27.0412,,
462,Isken Sugozu,Hard Coal,Steam Turbine,PP,TR,1320,,,0.0,0.0,0.0,2003.0,2003.0,,2040.0,36.8345,35.8684,,
463,Izdemir Enerji,Hard Coal,Steam Turbine,PP,TR,380,,,0.0,0.0,0.0,2014.0,2014.0,,2040.0,38.7272,26.9061,,
464,Zonguldak Eren I,Hard Coal,Steam Turbine,PP,TR,174,,,0.0,0.0,0.0,2010.0,2010.0,,2040.0,41.497,31.8436,,
465,ICDAS Celik,Hard Coal,Steam Turbine,PP,TR,411,,,0.0,0.0,0.0,2005.0,2005.0,,2040.0,40.4404,27.1049,,
466,Afsin Elbistan A,Lignite,Steam Turbine,PP,TR,1474,,,0.0,0.0,0.0,1984.0,1984.0,,2040.0,38.3532,36.9828,,
467,Afsin Elbistan B,Lignite,Steam Turbine,PP,TR,1564,,,0.0,0.0,0.0,2006.0,2006.0,,2040.0,38.3532,36.9828,,
468,Bolu-Goynuk,Lignite,Steam Turbine,PP,TR,276,,,0.0,0.0,0.0,2015.0,2015.0,,2040.0,40.2529,30.7684,,
469,Can I Onsekizmart,Lignite,Steam Turbine,PP,TR,348,,,0.0,0.0,0.0,2003.0,2003.0,,2040.0,40.0241,26.9584,,
470,Catalagzi,Hard Coal,Steam Turbine,PP,TR,326,,,0.0,0.0,0.0,1989.0,1989.0,,2040.0,41.497,31.8436,,
471,Cayirhan,Lignite,Steam Turbine,PP,TR,672,,,0.0,0.0,0.0,1987.0,1987.0,,2040.0,40.0969,31.6947,,
472,Kangal,Lignite,Steam Turbine,PP,TR,497,,,0.0,0.0,0.0,1989.0,1989.0,,2040.0,39.0747,37.2975,,
473,Kemerkoy,Lignite,Steam Turbine,PP,TR,684,,,0.0,0.0,0.0,1994.0,1994.0,,2040.0,37.0286,27.9114,,
474,Orhaneli,Lignite,Steam Turbine,PP,TR,397,,,0.0,0.0,0.0,1992.0,1992.0,,2040.0,39.9533,28.8522,,
475,Seyitomer,Lignite,Steam Turbine,PP,TR,652,,,0.0,0.0,0.0,1973.0,1973.0,,2040.0,39.5778,29.8944,,
476,Soma B,Lignite,Steam Turbine,PP,TR,1074,,,0.0,0.0,0.0,1981.0,1981.0,,2040.0,39.1949,27.636,,
477,Tufanbeyli,Lignite,Steam Turbine,PP,TR,489,,,0.0,0.0,0.0,2016.0,2016.0,,2040.0,38.2692,36.0651,,
478,Tuncbilek,Lignite,Steam Turbine,PP,TR,397,,,0.0,0.0,0.0,1966.0,1966.0,,2040.0,39.629,29.4573,,
479,Yatagan,Lignite,Steam Turbine,PP,TR,684,,,0.0,0.0,0.0,1983.0,1983.0,,2040.0,37.3313,28.1001,,
480,Yenikoy,Lignite,Steam Turbine,PP,TR,456,,,0.0,0.0,0.0,1986.0,1986.0,,2040.0,37.1376,27.885,,
481,Yunus Emre,Lignite,Steam Turbine,PP,TR,158,,,0.0,0.0,0.0,2018.0,2018.0,,2040.0,39.9836,31.3206,,
482,Çan-2 power station,Lignite,Steam Turbine,PP,TR,330,,,0.0,0.0,0.0,2018.0,2018.0,,2040.0,40.0241,26.9584,,
483,Cenal,Hard Coal,Steam Turbine,PP,TR,1320,,,0.0,0.0,0.0,2017.0,2017.0,,2040.0,40.4182,27.3167,,
484,Zonguldak Eren II,Hard Coal,Steam Turbine,PP,TR,1336,,,0.0,0.0,0.0,2010.0,2010.0,,2040.0,41.497,31.8436,,
485,Zonguldak Eren III,Hard Coal,Steam Turbine,PP,TR,1461,,,0.0,0.0,0.0,2016.0,2016.0,,2040.0,41.497,31.8436,,
486,Soma Kolin,Lignite,Steam Turbine,PP,TR,510,,,0.0,0.0,0.0,2019.0,2019.0,,2040.0,39.2307,27.7184,,
487,EMBA Hunutlu power station,Hard Coal,Steam Turbine,PP,TR,1320,,,0.0,0.0,0.0,2022.0,2022.0,,2040.0,36.81609,36.81609,,
488,Kipas MMP power station,Hard Coal,Steam Turbine,PP,TR,55,,,0.0,0.0,0.0,2023.0,2023.0,,2040.0,37.7671967,27.445695,,
489,Ratcliffe,Hard Coal,Steam Turbine,PP,GB,2172,,,0.0,0.0,0.0,1968.0,1968.0,,2040.0,52.8615,-1.2499,,
